name,url_pic
adriamoya,https://scontent-mxp1-1.cdninstagram.com/vp/517bec2f9ef8f438e9ee48ea6ba8b352/5E29517D/t51.2885-19/s150x150/45395179_360126191422436_253830879271452672_n.jpg?_nc_ht=scontent-mxp1-1.cdninstagram.com
oh_lollla,https://scontent-mxp1-1.cdninstagram.com/vp/573a9e0e64ac4f44660f19cf7f86a5c8/5E2046E5/t51.2885-19/s150x150/67531636_426330054631859_1563933197476036608_n.jpg?_nc_ht=scontent-mxp1-1.cdninstagram.com
shexxs,https://scontent-mxp1-1.cdninstagram.com/vp/306ec6e20bfcc5c402febba3ef99dd26/5E233A6D/t51.2885-19/11311586_859741147413547_727150854_a.jpg?_nc_ht=scontent-mxp1-1.cdninstagram.com
masu_ste,https://scontent-mxp1-1.cdninstagram.com/vp/c4b1ec3735bafab2c76609141978d742/5E2CD482/t51.2885-19/s150x150/67821752_455365601982554_5448361972858880000_n.jpg?_nc_ht=scontent-mxp1-1.cdninstagram.com
danibaldox,https://scontent-mxp1-1.cdninstagram.com/vp/27f691c7b469443c3a95b6f3f7109715/5E1680F8/t51.2885-19/s150x150/65861805_2483399191894346_956434743748984832_n.jpg?_nc_ht=scontent-mxp1-1.cdninstagram.com
ercole.adeluca,https://scontent-mxp1-1.cdninstagram.com/vp/0ecfda1e67f065ca1de8ad1a79de0c3b/5E253C35/t51.2885-19/s150x150/61822976_619797488515494_1367115333294358528_n.jpg?_nc_ht=scontent-mxp1-1.cdninstagram.com
juanvarejr,https://instagram.fbtz1-1.fna.fbcdn.net/vp/e34b2cf204ee602c8863b5a292f2d9c6/5E1A41F1/t51.2885-19/44884218_345707102882519_2446069589734326272_n.jpg?_nc_ht=instagram.fbtz1-1.fna.fbcdn.net
adamandthesea,https://scontent-mxp1-1.cdninstagram.com/vp/0fe3c80fa0da4eb8ba0fe77392965db0/5E25CE90/t51.2885-19/s150x150/60211150_601412590339912_1440349984594591744_n.jpg?_nc_ht=scontent-mxp1-1.cdninstagram.com
americoalberto,https://scontent-mxp1-1.cdninstagram.com/vp/3bfdac6ad66ed2293a9fd12eca5c292b/5E1CFEE3/t51.2885-19/11821164_518096698342697_1535049894_a.jpg?_nc_ht=scontent-mxp1-1.cdninstagram.com
albertocalo__,https://scontent-mxp1-1.cdninstagram.com/vp/45e9aa3eec600644136b3498cf33b190/5E1F5E40/t51.2885-19/s150x150/21107268_161925734361346_7292953824086458368_a.jpg?_nc_ht=scontent-mxp1-1.cdninstagram.com
alejandro.mudo,https://scontent-mxp1-1.cdninstagram.com/vp/47e7242bcb3195889dc10dbc64aa02aa/5E1B66E4/t51.2885-19/s150x150/41479507_857796377759166_2989663074740338688_n.jpg?_nc_ht=scontent-mxp1-1.cdninstagram.com
mansenginger,https://scontent-mxp1-1.cdninstagram.com/vp/114bc2b557c8df0ef79a3459b86495ba/5E16F113/t51.2885-19/s150x150/50511833_228200274753147_6634125584844718080_n.jpg?_nc_ht=scontent-mxp1-1.cdninstagram.com
illancillotto,https://scontent-mxp1-1.cdninstagram.com/vp/a9b2bc1933139ac8a2d6dfd41d14ac36/5E1883C9/t51.2885-19/s150x150/22280150_1499227216791984_2966871250963529728_n.jpg?_nc_ht=scontent-mxp1-1.cdninstagram.com
anapareh,https://scontent-mxp1-1.cdninstagram.com/vp/af39a6547edde202311b4b052de38cb7/5E1E27B6/t51.2885-19/s150x150/16229257_1851788718411707_1074680635131428864_a.jpg?_nc_ht=scontent-mxp1-1.cdninstagram.com
_pingu_96,https://scontent-mxp1-1.cdninstagram.com/vp/1947b375df2d7c42845576868dbbb60d/5E3A7296/t51.2885-19/s150x150/68928543_362115004705344_5167263540226031616_n.jpg?_nc_ht=scontent-mxp1-1.cdninstagram.com
andre95d,https://scontent-mxp1-1.cdninstagram.com/vp/69e6f4bf484ff9c3d8a7b9a28a903481/5E1BCCC6/t51.2885-19/s150x150/40027403_2269103853119095_9218020473244221440_n.jpg?_nc_ht=scontent-mxp1-1.cdninstagram.com
andreagialain,https://scontent-mxp1-1.cdninstagram.com/vp/c6885c2755e5ea8f9cb2033e051ba887/5E3B8DF5/t51.2885-19/s150x150/57388195_2087239501397982_6588040624413343744_n.jpg?_nc_ht=scontent-mxp1-1.cdninstagram.com
jmzzi,https://scontent-mxp1-1.cdninstagram.com/vp/579d330fbba29cdf17a2bb15620d2798/5E3CCF99/t51.2885-19/s150x150/16230327_253282735117204_801190316156649472_n.jpg?_nc_ht=scontent-mxp1-1.cdninstagram.com
pisla95,https://scontent-mxp1-1.cdninstagram.com/vp/7f4430e0e1702da8fd2fe3b70be52158/5E29E505/t51.2885-19/s150x150/38792929_2096425820683769_7021080946845679616_n.jpg?_nc_ht=scontent-mxp1-1.cdninstagram.com
annaesdo,https://scontent-mxp1-1.cdninstagram.com/vp/b439ba97ebeb028a0294a315d0b2db93/5E19C73D/t51.2885-19/s150x150/69237156_1113510212175932_7738446029804011520_n.jpg?_nc_ht=scontent-mxp1-1.cdninstagram.com
tony_d_andrea,https://scontent-mxp1-1.cdninstagram.com/vp/a71717896c4bbf171e5825c49adfd015/5E37C8B2/t51.2885-19/s150x150/66046405_856338358085023_5234759256225349632_n.jpg?_nc_ht=scontent-mxp1-1.cdninstagram.com
babithewalrus,https://scontent-mxp1-1.cdninstagram.com/vp/915885ef7c2a2071779ebefe88de97c5/5E257794/t51.2885-19/s150x150/64479397_1009540982582191_9091007810581299200_n.jpg?_nc_ht=scontent-mxp1-1.cdninstagram.com
mouganfreeman,https://scontent-mxp1-1.cdninstagram.com/vp/860dfede3b51143851a6754fac481241/5E3731FA/t51.2885-19/11311294_1646009705654219_1491405030_a.jpg?_nc_ht=scontent-mxp1-1.cdninstagram.com
karliux_r,https://scontent-mxp1-1.cdninstagram.com/vp/5ea975ddcdd34aac52d7f75b75a3c855/5E34029F/t51.2885-19/s150x150/69553317_1485944768210436_3888826967922835456_n.jpg?_nc_ht=scontent-mxp1-1.cdninstagram.com
chi.explores,https://scontent-mxp1-1.cdninstagram.com/vp/00ad3cffdd6187784c35f22e12ae3ab0/5E2D64A5/t51.2885-19/s150x150/43985239_253676128632458_586445907021529088_n.jpg?_nc_ht=scontent-mxp1-1.cdninstagram.com
christianpme,https://scontent-mxp1-1.cdninstagram.com/vp/72d48c767ca4d5e427eafa8426f6d422/5E24195A/t51.2885-19/s150x150/27880284_155162658613966_4566280612016553984_n.jpg?_nc_ht=scontent-mxp1-1.cdninstagram.com
cioccolateria_ballerini,https://scontent-mxp1-1.cdninstagram.com/vp/9e4ad4590dba20cfa2d8d655ceab3c76/5E34DD21/t51.2885-19/s150x150/18444303_1518837561480951_2687743460995235840_n.jpg?_nc_ht=scontent-mxp1-1.cdninstagram.com
cosimocuri,https://scontent-mxp1-1.cdninstagram.com/vp/d6d1971fb2085de2abbc603db69728cc/5E3D5114/t51.2885-19/s150x150/25012366_1993342374255542_8965119759335030784_n.jpg?_nc_ht=scontent-mxp1-1.cdninstagram.com
daan.bannink,https://scontent-mxp1-1.cdninstagram.com/vp/c466ceb41b9fe694e5dbc86a05bbdaad/5E1D4EC1/t51.2885-19/s150x150/25022437_1606759032716352_1505850550845964288_n.jpg?_nc_ht=scontent-mxp1-1.cdninstagram.com
danicano90,https://scontent-mxp1-1.cdninstagram.com/vp/83f947869e6b1b407eeb4ba7df6a2179/5E3BC7E7/t51.2885-19/s150x150/65187237_2259284284324398_9070936865766375424_n.jpg?_nc_ht=scontent-mxp1-1.cdninstagram.com
danielemaiorano,https://scontent-mxp1-1.cdninstagram.com/vp/896c84aebb4ca6d89c6b7aebf0c4dec2/5E233F3E/t51.2885-19/s150x150/67751259_2345911702193019_3403467711827673088_n.jpg?_nc_ht=scontent-mxp1-1.cdninstagram.com
sanca85,https://scontent-mxp1-1.cdninstagram.com/vp/0301b6bdea095865625cb0dc9a7f4173/5E2B0485/t51.2885-19/s150x150/42884025_182708072634989_7811175665964679168_n.jpg?_nc_ht=scontent-mxp1-1.cdninstagram.com
gnurunner,https://scontent-mxp1-1.cdninstagram.com/vp/16c86dff9a437ee187e10e0a83a86d03/5E3D5813/t51.2885-19/s150x150/60163896_2289705351124248_6720090205677682688_n.jpg?_nc_ht=scontent-mxp1-1.cdninstagram.com
fuoriclasse,https://scontent-mxp1-1.cdninstagram.com/vp/b39bb1d3f25a0818192d6f45475ae433/5E28FFB7/t51.2885-19/s150x150/26073255_136474013808368_1565859885445283840_n.jpg?_nc_ht=scontent-mxp1-1.cdninstagram.com
dar10emme,https://scontent-mxp1-1.cdninstagram.com/vp/5d2815656b01ca6288a52dfa8fa35848/5E1C0BBA/t51.2885-19/s150x150/14374190_1091658814251753_901591187_a.jpg?_nc_ht=scontent-mxp1-1.cdninstagram.com
datanetwork.xyz,https://scontent-mxp1-1.cdninstagram.com/vp/70b9dad7949674b1b1b0c59d7f8b24c1/5E372697/t51.2885-19/s150x150/49858658_1129000290639748_1323048496390995968_n.jpg?_nc_ht=scontent-mxp1-1.cdninstagram.com
mazzudavide88,https://scontent-mxp1-1.cdninstagram.com/vp/662aac0092d5db2cb99d55f98b84719c/5E2ECA5A/t51.2885-19/11313590_1619225541683897_1023658165_a.jpg?_nc_ht=scontent-mxp1-1.cdninstagram.com
rudes.d,https://scontent-mxp1-1.cdninstagram.com/vp/5e5412853c3feb0e7fb6175f0ff8e379/5E28E4AF/t51.2885-19/s150x150/40089350_328096914633800_2705370092677365760_n.jpg?_nc_ht=scontent-mxp1-1.cdninstagram.com
deeez16,https://scontent-mxp1-1.cdninstagram.com/vp/9c6af68a3210dd5a349d46d0cb11f8a1/5E1C3468/t51.2885-19/s150x150/67675401_358473821755585_6701882988906414080_n.jpg?_nc_ht=scontent-mxp1-1.cdninstagram.com
edergarcia85,https://scontent-mxp1-1.cdninstagram.com/vp/294f319c40654632324b61d2c0191da7/5E25E252/t51.2885-19/s150x150/52111612_2435000510061789_5524540643851894784_n.jpg?_nc_ht=scontent-mxp1-1.cdninstagram.com
efreneitor,https://scontent-mxp1-1.cdninstagram.com/vp/977f113c3f607b3236401e2885a42b43/5E37D6C8/t51.2885-19/s150x150/43779486_1022440297926022_1682670927038382080_n.jpg?_nc_ht=scontent-mxp1-1.cdninstagram.com
enricalatella,https://scontent-mxp1-1.cdninstagram.com/vp/f04c76a0178cfa0739506db87db1efc3/5E19CA91/t51.2885-19/s150x150/27574066_2010967619181974_5451622651900461056_n.jpg?_nc_ht=scontent-mxp1-1.cdninstagram.com
kike_tacticas,https://scontent-mxp1-1.cdninstagram.com/vp/b2b63d470129a299d6e26cd7e52793f7/5E3C3C57/t51.2885-19/s150x150/66657315_482715175862563_5585264179972931584_n.jpg?_nc_ht=scontent-mxp1-1.cdninstagram.com
fabricio_a.t,https://scontent-mxp1-1.cdninstagram.com/vp/192e4268d5e728431e636d912ad7c301/5E28AD48/t51.2885-19/s150x150/26867388_163631987613627_7557611946543939584_n.jpg?_nc_ht=scontent-mxp1-1.cdninstagram.com
instant_berti,https://scontent-mxp1-1.cdninstagram.com/vp/7ad9f3d84660282da323e0db8c5a5877/5E27891E/t51.2885-19/s150x150/38022169_515022482263124_5506456387699343360_n.jpg?_nc_ht=scontent-mxp1-1.cdninstagram.com
federico.rubbi,https://scontent-mxp1-1.cdninstagram.com/vp/ed248bd748343e99c5ac05bfbd560baa/5E251A8A/t51.2885-19/s150x150/66365587_326808261593484_3724283858825248768_n.jpg?_nc_ht=scontent-mxp1-1.cdninstagram.com
federicosaluzzi,https://scontent-mxp1-1.cdninstagram.com/vp/bb0f4eff507d578715cba74e1d47f2a6/5E26E701/t51.2885-19/s150x150/14719552_1683889751886040_6927616174947565568_a.jpg?_nc_ht=scontent-mxp1-1.cdninstagram.com
gaudium.magnum,https://scontent-mxp1-1.cdninstagram.com/vp/93f602c7b65914e5dfadcef1071127f8/5E34B658/t51.2885-19/s150x150/40046874_235692807128273_4904058538348773376_n.jpg?_nc_ht=scontent-mxp1-1.cdninstagram.com
f8r7a,https://scontent-mxp1-1.cdninstagram.com/vp/c89ca914f55001c994a8a2c9a060a70a/5E288978/t51.2885-19/s150x150/66614099_2755021324528006_7629034031450947584_n.jpg?_nc_ht=scontent-mxp1-1.cdninstagram.com
franc_bara,https://scontent-mxp1-1.cdninstagram.com/vp/537be9230084f20060122270478c9558/5E353592/t51.2885-19/s150x150/59927150_639978056428870_1984666346956259328_n.jpg?_nc_ht=scontent-mxp1-1.cdninstagram.com
sourfra,https://scontent-mxp1-1.cdninstagram.com/vp/63df698f2134b8c9fe21e2b8e65f3210/5E39720A/t51.2885-19/s150x150/18382362_574435859576051_7633454806928982016_n.jpg?_nc_ht=scontent-mxp1-1.cdninstagram.com
francescoverucchi,https://scontent-mxp1-1.cdninstagram.com/vp/7bc755a1da9220846578493808e81f38/5E174810/t51.2885-19/s150x150/49933420_615190792251006_8463334662809321472_n.jpg?_nc_ht=scontent-mxp1-1.cdninstagram.com
fuertesurfshots,https://scontent-mxp1-1.cdninstagram.com/vp/a7f44adfc218e799e3800ba2e0f42973/5E24B0C1/t51.2885-19/s150x150/52390949_328240284462534_5293639100325167104_n.jpg?_nc_ht=scontent-mxp1-1.cdninstagram.com
mighty.jack,https://scontent-mxp1-1.cdninstagram.com/vp/bde6c111af930433c20505c5c9b5de5b/5E3AA08E/t51.2885-19/s150x150/21819802_1820113584986199_308060068358651904_n.jpg?_nc_ht=scontent-mxp1-1.cdninstagram.com
giankwtg,https://scontent-mxp1-1.cdninstagram.com/vp/7f3a5e6a7599ff9e49d34e3c3853b6e4/5E1A2F44/t51.2885-19/s150x150/23098514_106489603454718_4050631674591969280_n.jpg?_nc_ht=scontent-mxp1-1.cdninstagram.com
spincy,https://scontent-mxp1-1.cdninstagram.com/vp/dd9615fa03f501e69c0732dc1f529ad7/5E1D5047/t51.2885-19/s150x150/58453745_2641122325917297_7093608010873831424_n.jpg?_nc_ht=scontent-mxp1-1.cdninstagram.com
giulia.martielli,https://scontent-mxp1-1.cdninstagram.com/vp/b5a97e49a3cc789f7c836a165553346e/5E2C9BF1/t51.2885-19/s150x150/58410498_470393437031923_6835867796534984704_n.jpg?_nc_ht=scontent-mxp1-1.cdninstagram.com
psyduck39,https://scontent-mxp1-1.cdninstagram.com/vp/dbec9e9995d2b3e10523fe71700c9710/5E297494/t51.2885-19/s150x150/13320100_148914055520634_2001149719_a.jpg?_nc_ht=scontent-mxp1-1.cdninstagram.com
giuseppecodazzi,https://scontent-mxp1-1.cdninstagram.com/vp/4cf7ed5740f832473429b7d29bb92f2a/5E28D177/t51.2885-19/11348192_857912927590986_151230884_a.jpg?_nc_ht=scontent-mxp1-1.cdninstagram.com
jaredoa,https://scontent-mxp1-1.cdninstagram.com/vp/591850efe4970b8380d7ec86d6ec7767/5E3CB76B/t51.2885-19/s150x150/17818807_440431772977701_4693659626799890432_n.jpg?_nc_ht=scontent-mxp1-1.cdninstagram.com
jenn_3d,https://scontent-mxp1-1.cdninstagram.com/vp/960b1f36449defd76899139f27efd565/5E25CD06/t51.2885-19/s150x150/56852981_276256046649684_7386413386189242368_n.jpg?_nc_ht=scontent-mxp1-1.cdninstagram.com
juanalandette,https://scontent-mxp1-1.cdninstagram.com/vp/e24412428a8f0b4763650fb5914319ef/5E1DCDF9/t51.2885-19/s150x150/24253897_133906140652582_6773514208655966208_n.jpg?_nc_ht=scontent-mxp1-1.cdninstagram.com
jjmonteroalba,https://scontent-mxp1-1.cdninstagram.com/vp/4071b93e3aae8fbdf3906cab4aa4a7d9/5E3AA84F/t51.2885-19/s150x150/43735857_324434125036444_358812910916468736_n.jpg?_nc_ht=scontent-mxp1-1.cdninstagram.com
julia_43216,https://scontent-mxp1-1.cdninstagram.com/vp/9a5080154d79e1838ee22af6c79364c2/5E32093A/t51.2885-19/s150x150/13743425_643919629115817_2140593384_a.jpg?_nc_ht=scontent-mxp1-1.cdninstagram.com
maklas,https://scontent-mxp1-1.cdninstagram.com/vp/7c3bd9166afebbc8f4168fccc7772788/5E3CD941/t51.2885-19/s150x150/39928585_267102520678302_3336196588258197504_n.jpg?_nc_ht=scontent-mxp1-1.cdninstagram.com
kira.alx,https://scontent-mxp1-1.cdninstagram.com/vp/601c4ea099b2b945a7e56041d8af0fa0/5E1FE6FB/t51.2885-19/s150x150/59267607_588159558355146_2932618994152112128_n.jpg?_nc_ht=scontent-mxp1-1.cdninstagram.com
lsbeltrame,https://scontent-mxp1-1.cdninstagram.com/vp/55b67ab73e7135f015e4491a349635e4/5E1BEC78/t51.2885-19/s150x150/30603455_239234336653242_2574574736352739328_n.jpg?_nc_ht=scontent-mxp1-1.cdninstagram.com
lh_chrchm,https://scontent-mxp1-1.cdninstagram.com/vp/d3b16295435965f938eafc1efd98425f/5E3BE785/t51.2885-19/s150x150/65847320_458435818048774_5538885645641973760_n.jpg?_nc_ht=scontent-mxp1-1.cdninstagram.com
lorenzosottini,https://scontent-mxp1-1.cdninstagram.com/vp/ae6c9a6e32eafc37a3c15344fca85c50/5E18DF47/t51.2885-19/s150x150/11324204_739849236121739_1881617075_a.jpg?_nc_ht=scontent-mxp1-1.cdninstagram.com
fantapenta,https://scontent-mxp1-1.cdninstagram.com/vp/ddb978e62377bd744c2025c39e7284cf/5E16ABE5/t51.2885-19/10948977_421373968051548_1383108832_a.jpg?_nc_ht=scontent-mxp1-1.cdninstagram.com
ludo_surf,https://scontent-mxp1-1.cdninstagram.com/vp/fa51e0aa1d37dde6edd80720c98d6db3/5E1E49B2/t51.2885-19/s150x150/66074506_645930565908261_411679324060516352_n.jpg?_nc_ht=scontent-mxp1-1.cdninstagram.com
3lv27,https://scontent-mxp1-1.cdninstagram.com/vp/5be00f61ef9a99023f2929bc06efc68a/5E3811EF/t51.2885-19/11886995_1615026322081239_1206359510_a.jpg?_nc_ht=scontent-mxp1-1.cdninstagram.com
mienteme,https://scontent-mxp1-1.cdninstagram.com/vp/18c46e0bc07b09ade906b77f45e988f7/5E259EEF/t51.2885-19/11906303_761333777329170_1032235029_a.jpg?_nc_ht=scontent-mxp1-1.cdninstagram.com
manifatturecotoniere1946,https://scontent-mxp1-1.cdninstagram.com/vp/a1796b8f1145c99c09ebb721677b947a/5E321BD7/t51.2885-19/s150x150/28154697_163906034415440_633745484204212224_n.jpg?_nc_ht=scontent-mxp1-1.cdninstagram.com
manny_c25,https://scontent-mxp1-1.cdninstagram.com/vp/d3e07ddb9b02250e9f2f706282307b40/5E3C1B20/t51.2885-19/s150x150/65313374_471749343638350_3970359350010052608_n.jpg?_nc_ht=scontent-mxp1-1.cdninstagram.com
manolo_blan_co,https://scontent-mxp1-1.cdninstagram.com/vp/b7cdc0dc14605840f8ef6c171d6037e3/5E3C527B/t51.2885-19/11116844_836792303080696_2077755256_a.jpg?_nc_ht=scontent-mxp1-1.cdninstagram.com
maria.lechleitner,https://scontent-mxp1-1.cdninstagram.com/vp/f878d784072a8f6d42434439827536d1/5E2ABE9A/t51.2885-19/s150x150/66316065_1755557654751370_7605153055507480576_n.jpg?_nc_ht=scontent-mxp1-1.cdninstagram.com
mario._.ledda,https://scontent-mxp1-1.cdninstagram.com/vp/e60d3edc7123dfb9e1a4bec2a8e0c11c/5E344615/t51.2885-19/s150x150/67404124_389187941791337_6812355766872178688_n.jpg?_nc_ht=scontent-mxp1-1.cdninstagram.com
marioparrato,https://scontent-mxp1-1.cdninstagram.com/vp/8304c8379aa2ea31bc573972d5a839c5/5E336057/t51.2885-19/s150x150/67122170_374010949902464_7283863482854801408_n.jpg?_nc_ht=scontent-mxp1-1.cdninstagram.com
smilingsnitzel,https://scontent-mxp1-1.cdninstagram.com/vp/f353c713b6d252cba6736e1c3bb6acdf/5E210D9B/t51.2885-19/s150x150/20225188_106767579991032_8516451369467510784_a.jpg?_nc_ht=scontent-mxp1-1.cdninstagram.com
massi.dona14,https://scontent-mxp1-1.cdninstagram.com/vp/9b5c90d9eb3b654d3279b8e79fbfbf7b/5E2C8DFA/t51.2885-19/s150x150/18380106_215652878927130_3872723533507330048_a.jpg?_nc_ht=scontent-mxp1-1.cdninstagram.com
matt__treece,https://scontent-mxp1-1.cdninstagram.com/vp/3b6036420b62b076057dedc840748d9d/5E2C5D0D/t51.2885-19/s150x150/67094445_758549991208426_6659421778282020864_n.jpg?_nc_ht=scontent-mxp1-1.cdninstagram.com
teotarta,https://scontent-mxp1-1.cdninstagram.com/vp/c3c2974857ecf6bab8dfb6f78a78f2cb/5E30424A/t51.2885-19/s150x150/50855058_2158809787767067_3764258850320941056_n.jpg?_nc_ht=scontent-mxp1-1.cdninstagram.com
matt3scala,https://scontent-mxp1-1.cdninstagram.com/vp/caf82fec4cba4730a94d5177b5f4f733/5E291B25/t51.2885-19/s150x150/13561665_1110011129086400_1399880238_a.jpg?_nc_ht=scontent-mxp1-1.cdninstagram.com
mattia_alfero,https://scontent-mxp1-1.cdninstagram.com/vp/3c3c465b1e2e2d4b36359909344b9ff3/5E1A5290/t51.2885-19/s150x150/61705802_360510498001600_1788486349842546688_n.jpg?_nc_ht=scontent-mxp1-1.cdninstagram.com
mattiaporta_,https://scontent-mxp1-1.cdninstagram.com/vp/6a1bace9af8a230328a86de266a64b0b/5E2AB19B/t51.2885-19/s150x150/47361178_546906915827265_1607006793127428096_n.jpg?_nc_ht=scontent-mxp1-1.cdninstagram.com
ultradogxz,https://scontent-mxp1-1.cdninstagram.com/vp/492247780cc710a764c2526d0bc51345/5E2303A7/t51.2885-19/s150x150/22070100_137000710372535_3637441058914172928_n.jpg?_nc_ht=scontent-mxp1-1.cdninstagram.com
mic_ronco,https://scontent-mxp1-1.cdninstagram.com/vp/57e82848f827500df17bf131a21baf04/5E25C4FE/t51.2885-19/s150x150/54248012_288075148754200_7356460705173733376_n.jpg?_nc_ht=scontent-mxp1-1.cdninstagram.com
michelecicoria,https://scontent-mxp1-1.cdninstagram.com/vp/27a606fa4549e13faea68b264c5771df/5E201063/t51.2885-19/s150x150/22277849_714064738788175_1986626874972831744_n.jpg?_nc_ht=scontent-mxp1-1.cdninstagram.com
michelereggiori,https://scontent-mxp1-1.cdninstagram.com/vp/1fdb228a296af9ba84eddfc16f6d2bbc/5E38C683/t51.2885-19/s150x150/22860797_141394366494650_4730946393970049024_n.jpg?_nc_ht=scontent-mxp1-1.cdninstagram.com
capodisseny,https://scontent-mxp1-1.cdninstagram.com/vp/e71577af5af043a4d50b7de178c9caf7/5E1CA8B7/t51.2885-19/s150x150/17596202_1900953273455936_5962787725072400384_a.jpg?_nc_ht=scontent-mxp1-1.cdninstagram.com
moeppet,https://scontent-mxp1-1.cdninstagram.com/vp/1d1d0dce3c8e3883828bd49c19e55ab1/5E24F0D5/t51.2885-19/s150x150/46897988_213549636200957_2194145894985629696_n.jpg?_nc_ht=scontent-mxp1-1.cdninstagram.com
isnickgolinelli,https://scontent-mxp1-1.cdninstagram.com/vp/fa3011773c683fe4620998e2cd6d227e/5E3DD86D/t51.2885-19/s150x150/69875305_951013861910459_5718627900970762240_n.jpg?_nc_ht=scontent-mxp1-1.cdninstagram.com
natyyiiii,https://scontent-mxp1-1.cdninstagram.com/vp/68137475496fa10e10596d2c543bd075/5E3DD5D3/t51.2885-19/s150x150/51660018_642757029503413_3038176602954399744_n.jpg?_nc_ht=scontent-mxp1-1.cdninstagram.com
nathanfillatre,https://scontent-mxp1-1.cdninstagram.com/vp/2660f1d4cc7b77e4d1b09a9d34e2562e/5E3C264E/t51.2885-19/s150x150/28433714_225389398010211_5308025411110699008_n.jpg?_nc_ht=scontent-mxp1-1.cdninstagram.com
nereazo,https://scontent-mxp1-1.cdninstagram.com/vp/aa975f839be3c8f6b0a7ebfcb0d1bb25/5E16C820/t51.2885-19/s150x150/52369429_2291949431072163_4498825827055566848_n.jpg?_nc_ht=scontent-mxp1-1.cdninstagram.com
nicomunnoz,https://scontent-mxp1-1.cdninstagram.com/vp/eb28a706607d8f3476b1c56da5cb6e25/5E2EE0D9/t51.2885-19/s150x150/37679834_1005021403003943_7607969514671570944_n.jpg?_nc_ht=scontent-mxp1-1.cdninstagram.com
nicolasalerno1985,https://scontent-mxp1-1.cdninstagram.com/vp/d866694d1b5d0d51fd4411934c55a1b7/5E19C87F/t51.2885-19/s150x150/69634206_770788776674647_2027787268852285440_n.jpg?_nc_ht=scontent-mxp1-1.cdninstagram.com
niknathwani,https://scontent-mxp1-1.cdninstagram.com/vp/4e5664b26243bece426fd3e292648714/5E1F5159/t51.2885-19/10617085_559530537509264_1164960311_a.jpg?_nc_ht=scontent-mxp1-1.cdninstagram.com
odin_104,https://scontent-mxp1-1.cdninstagram.com/vp/3d9c8f4ef5f4f47f7f80d6ff6a86fbef/5E2CDFF4/t51.2885-19/11244792_140477086290926_536175056_a.jpg?_nc_ht=scontent-mxp1-1.cdninstagram.com
othvintage,https://scontent-mxp1-1.cdninstagram.com/vp/33733c0b6523632be4bd09f3a29ef341/5E1C69CD/t51.2885-19/s150x150/69616936_2314292525286228_2716910622557077504_n.jpg?_nc_ht=scontent-mxp1-1.cdninstagram.com
roninsoak,https://scontent-mxp1-1.cdninstagram.com/vp/81fc72a89e6ff4354fefbd2e0ad88df4/5E24BC5C/t51.2885-19/s150x150/56236424_681479048952661_4851552872392818688_n.jpg?_nc_ht=scontent-mxp1-1.cdninstagram.com
paaaaasq,https://scontent-mxp1-1.cdninstagram.com/vp/728e65f0927b11b996801a4125ab0857/5E26CA93/t51.2885-19/s150x150/67183584_2264503753677430_3599515252149977088_n.jpg?_nc_ht=scontent-mxp1-1.cdninstagram.com
plapa,https://scontent-mxp1-1.cdninstagram.com/vp/90552bb5a728fc25a41badb5557dcf7c/5E2C091D/t51.2885-19/s150x150/22427266_1941226516151448_3935095409357094912_n.jpg?_nc_ht=scontent-mxp1-1.cdninstagram.com
pitsoria,https://scontent-mxp1-1.cdninstagram.com/vp/1a8c4fd885fcad763a05a74e988ec832/5E1EF31D/t51.2885-19/11809919_1634723343410915_135988210_a.jpg?_nc_ht=scontent-mxp1-1.cdninstagram.com
sainz.pepe,https://scontent-mxp1-1.cdninstagram.com/vp/5acf4a71d48a5170e95a750d57737f3a/5E18B81E/t51.2885-19/s150x150/29404088_438822996558280_1371633630299815936_n.jpg?_nc_ht=scontent-mxp1-1.cdninstagram.com
pol.boards,https://scontent-mxp1-1.cdninstagram.com/vp/5ccf9e81a7a092aee553ca720d7f2eef/5E321A39/t51.2885-19/s150x150/54732353_640292279726330_803139831877074944_n.jpg?_nc_ht=scontent-mxp1-1.cdninstagram.com
raf.pit,https://scontent-mxp1-1.cdninstagram.com/vp/89002629f84b77e8e58d7ed98a030ad7/5E1A9058/t51.2885-19/s150x150/12393660_1686925814884997_1676488682_a.jpg?_nc_ht=scontent-mxp1-1.cdninstagram.com
recycle_design,https://scontent-mxp1-1.cdninstagram.com/vp/6e88adcecf074e32a56a1243da51db0c/5E2DD5F0/t51.2885-19/10725105_716570385101689_2116326399_a.jpg?_nc_ht=scontent-mxp1-1.cdninstagram.com
rolandrojas777,https://scontent-mxp1-1.cdninstagram.com/vp/c8766db84d0909e6f19c6b61cb8e6c91/5E356484/t51.2885-19/s150x150/19761648_1923761881245958_255013678905032704_a.jpg?_nc_ht=scontent-mxp1-1.cdninstagram.com
ruben_bassani,https://scontent-mxp1-1.cdninstagram.com/vp/4bc8e3b9ea24080eb0a8f9cd33ab5409/5E1EA7FF/t51.2885-19/s150x150/28765243_1981716358761967_1071697325077823488_n.jpg?_nc_ht=scontent-mxp1-1.cdninstagram.com
ritadefreitasaguiar,https://scontent-mxp1-1.cdninstagram.com/vp/605d5efd6974e4111fba9b5b1304cfb4/5E24C722/t51.2885-19/s150x150/61998434_2275168912568996_1477592698285195264_n.jpg?_nc_ht=scontent-mxp1-1.cdninstagram.com
salamisurf,https://scontent-mxp1-1.cdninstagram.com/vp/885ac96a0260c8bf4c2b025b2309241f/5E199691/t51.2885-19/s150x150/18013130_104649986770998_6359144435476856832_a.jpg?_nc_ht=scontent-mxp1-1.cdninstagram.com
showroombalove,https://scontent-mxp1-1.cdninstagram.com/vp/33178952f47155757cffc4e1eaca956e/5E34BF64/t51.2885-19/s150x150/53165357_1140311089452252_6824785015679746048_n.jpg?_nc_ht=scontent-mxp1-1.cdninstagram.com
soline_by,https://scontent-mxp1-1.cdninstagram.com/vp/79f1aff86ccc718a0eeaecc3b5721b8d/5E20C12C/t51.2885-19/s150x150/53435590_865716233759822_2865850098288427008_n.jpg?_nc_ht=scontent-mxp1-1.cdninstagram.com
szymonkhal,https://scontent-mxp1-1.cdninstagram.com/vp/e808adcee76ed1a4cc05aa2a4d5a2667/5E337BD3/t51.2885-19/10546637_678295862238656_1529824039_a.jpg?_nc_ht=scontent-mxp1-1.cdninstagram.com
thiagoturini,https://scontent-mxp1-1.cdninstagram.com/vp/5f8b0f5a7be5d0bec0fea54384384d77/5E39D2FE/t51.2885-19/s150x150/26157667_882740601893187_7050764002699247616_n.jpg?_nc_ht=scontent-mxp1-1.cdninstagram.com
urbanoasismalta,https://scontent-mxp1-1.cdninstagram.com/vp/3dc13c8e0f20dab6d23914bd3ee35170/5E2C6936/t51.2885-19/s150x150/64734231_3116061098409890_8701280249054232576_n.jpg?_nc_ht=scontent-mxp1-1.cdninstagram.com
steponfloors,https://scontent-mxp1-1.cdninstagram.com/vp/1801f6985b611756e99a3e5befe5fe23/5E38749B/t51.2885-19/s150x150/66764993_908049266242789_835097309137076224_n.jpg?_nc_ht=scontent-mxp1-1.cdninstagram.com
vincentlarego_12,https://instagram.fbtz1-1.fna.fbcdn.net/vp/e34b2cf204ee602c8863b5a292f2d9c6/5E1A41F1/t51.2885-19/44884218_345707102882519_2446069589734326272_n.jpg?_nc_ht=instagram.fbtz1-1.fna.fbcdn.net
vincnardelli,https://scontent-mxp1-1.cdninstagram.com/vp/0d505a2c93159cf89a12b64cc2996409/5E2A7D39/t51.2885-19/s150x150/51287988_285597322120180_4414520906139828224_n.jpg?_nc_ht=scontent-mxp1-1.cdninstagram.com
bogzolicious,https://scontent-mxp1-1.cdninstagram.com/vp/8d8d4f7d2721e3000bb9760f2ed60798/5E38B050/t51.2885-19/s150x150/70689228_2241729259450305_7661347690348806144_n.jpg?_nc_ht=scontent-mxp1-1.cdninstagram.com
wolfoo2931,https://scontent-mxp1-1.cdninstagram.com/vp/fcbe9e097cff59fb9a58a0e594c363e3/5E2C8B6E/t51.2885-19/s150x150/52723487_608826229544417_6215308630728638464_n.jpg?_nc_ht=scontent-mxp1-1.cdninstagram.com
bogda.kri,https://scontent-mxp1-1.cdninstagram.com/vp/2f2229a5bbf1375cc6be64f7f8a3ddca/5E1A3868/t51.2885-19/s150x150/59799249_341038966600850_4928353652218789888_n.jpg?_nc_ht=scontent-mxp1-1.cdninstagram.com
mike.surfing,https://scontent-mxp1-1.cdninstagram.com/vp/1c9f564fe1b6c8d409912a606e235a90/5E1FD3DF/t51.2885-19/s150x150/25025249_164656560957936_3994633723482996736_n.jpg?_nc_ht=scontent-mxp1-1.cdninstagram.com
martyairo,https://scontent-mxp1-1.cdninstagram.com/vp/706b9f9654cd46c06a91e0422191d2fe/5E3B14D4/t51.2885-19/s150x150/51168472_425829254823969_6340941470723211264_n.jpg?_nc_ht=scontent-mxp1-1.cdninstagram.com
iriimarc,https://scontent-mxp1-1.cdninstagram.com/vp/8968c945a2a14dac9207e86e0356fd49/5E3B2E0F/t51.2885-19/s150x150/59590868_320290728648560_4194668256176373760_n.jpg?_nc_ht=scontent-mxp1-1.cdninstagram.com
luismorell_,https://scontent-mxp1-1.cdninstagram.com/vp/e7302c8b48b4f4fb4feee377209cfe88/5E1AF10D/t51.2885-19/s150x150/25011462_138715533515111_5801073191241646080_n.jpg?_nc_ht=scontent-mxp1-1.cdninstagram.com
